,control variable,experimental variable,phase,test,y-value,control n,experimental n,control mean,experimental mean,control stdev,experimental stdev,test statistic,degrees of freedom,critical value,p-value,significance
0,WT,"PP4r2 RNAi, 0X MTOC",interphase,Unpaired Student's T-test,AC/Cyto RFP,28,6,2.357465565928571,1.2627672780285368,0.6059544237636508,0.654008779825147,3.768073136069542,32,1.6938887423906548,0.0006687546374659625,***
1,WT,"PP4r2 RNAi, 0X MTOC",prometaphase,Unpaired Student's T-test,AC/Cyto RFP,28,6,2.9370479345,3.0024427775297675,0.6563280383710974,0.9781894158396734,-0.1563860193954802,32,1.6938887423906548,0.8767112214849728,ns
2,WT,"PP4r2 RNAi, 0X MTOC",interphase,Unpaired Student's T-test,AC/BC RFP,28,6,2.6261093045000004,1.154053877103182,0.8985066377799652,0.241063374485819,7.500544967649894,32,1.6938887423906548,1.5384278961860787e-08,****
3,WT,"PP4r2 RNAi, 0X MTOC",prometaphase,Unpaired Student's T-test,AC/BC RFP,13,6,1.0231471080769232,1.1909179489098711,0.29539616456438633,0.428708320002336,-0.8681722688960847,17,1.7396067260750672,0.397390700673685,ns
4,WT,"PP4r2 RNAi, 2X MTOC",interphase,Unpaired Student's T-test,AC/Cyto RFP,28,3,2.357465565928571,2.330828615542975,0.6059544237636508,0.19634361071733947,0.16531025278010425,29,1.6991270265334972,0.8698467954001954,ns
5,WT,"PP4r2 RNAi, 2X MTOC",prometaphase,Unpaired Student's T-test,AC/Cyto RFP,28,2,2.9370479345,2.137787703951858,0.6563280383710974,0.6781100951412402,1.6137579534931294,28,1.701130934265931,0.11779497842328457,ns
6,WT,"PP4r2 RNAi, 2X MTOC",interphase,Unpaired Student's T-test,AC/BC RFP,28,3,2.6261093045000004,0.9581787714357901,0.8985066377799652,0.155808712623124,8.679986986329885,29,1.6991270265334972,1.4776326828780384e-09,****
7,WT,"PP4r2 RNAi, 2X MTOC",prometaphase,Unpaired Student's T-test,AC/BC RFP,13,2,1.0231471080769232,0.8173111707697873,0.29539616456438633,0.06290060893173306,2.2080030602121075,13,1.7709333959867988,0.04581879986840032,*
